{"loss": [0.04480374976992607, 0.018389465287327766, 0.013045527040958405, 0.01008510496467352, 0.009279519319534302, 0.008888721466064453, 0.008484254591166973, 0.008273948915302753, 0.008102809078991413, 0.007886364124715328, 0.007880288176238537, 0.00773147726431489, 0.0076208398677408695, 0.007512499112635851, 0.007430929224938154, 0.007392261642962694, 0.007299270946532488, 0.007306351792067289, 0.007266949862241745, 0.00717913405969739, 0.007132149301469326, 0.0070953150279819965, 0.007051841355860233, 0.006987908389419317, 0.006989144720137119, 0.006936386227607727, 0.006850398611277342, 0.006853868719190359, 0.0068233381025493145, 0.006814568303525448, 0.006750074680894613, 0.0067814672365784645, 0.006706982851028442, 0.006700880825519562, 0.005800080019980669, 0.005788477137684822, 0.00578097952529788, 0.00576704042032361, 0.00577174499630928, 0.005772593431174755, 0.005757520440965891, 0.00575977424159646, 0.0057521238923072815, 0.00575368432328105], "mae": [0.04480374976992607, 0.018389465287327766, 0.013045527040958405, 0.01008510496467352, 0.009279519319534302, 0.008888721466064453, 0.008484254591166973, 0.008273948915302753, 0.008102809078991413, 0.007886364124715328, 0.007880288176238537, 0.00773147726431489, 0.0076208398677408695, 0.007512499112635851, 0.007430929224938154, 0.007392261642962694, 0.007299270946532488, 0.007306351792067289, 0.007266949862241745, 0.00717913405969739, 0.007132149301469326, 0.0070953150279819965, 0.007051841355860233, 0.006987908389419317, 0.006989144720137119, 0.006936386227607727, 0.006850398611277342, 0.006853868719190359, 0.0068233381025493145, 0.006814568303525448, 0.006750074680894613, 0.0067814672365784645, 0.006706982851028442, 0.006700880825519562, 0.005800080019980669, 0.005788477137684822, 0.00578097952529788, 0.00576704042032361, 0.00577174499630928, 0.005772593431174755, 0.005757520440965891, 0.00575977424159646, 0.0057521238923072815, 0.00575368432328105], "mape": [1502.89892578125, 503.13262939453125, 197.44888305664062, 292.12762451171875, 225.06027221679688, 168.15341186523438, 99.06787109375, 147.67591857910156, 182.11343383789062, 54.112945556640625, 130.30654907226562, 174.7876739501953, 160.6414031982422, 119.3162612915039, 99.18623352050781, 198.8242950439453, 146.49192810058594, 137.39483642578125, 131.29617309570312, 211.55813598632812, 182.02523803710938, 220.82679748535156, 52.524322509765625, 60.4528694152832, 183.11825561523438, 57.5573616027832, 141.8283233642578, 112.92009735107422, 164.15711975097656, 131.1143341064453, 53.359886169433594, 138.34848022460938, 107.2403793334961, 17.087892532348633, 44.68655776977539, 11.33413028717041, 10.499593734741211, 19.093582153320312, 14.53476619720459, 11.2326078414917, 18.64759063720703, 28.980833053588867, 2.7636477947235107, 34.768985748291016], "val_loss": [0.02639124169945717, 0.015930764377117157, 0.011139661073684692, 0.010677258484065533, 0.008983931504189968, 0.007733292877674103, 0.00814212579280138, 0.00721131544560194, 0.007786807604134083, 0.008171292021870613, 0.008194608613848686, 0.00772904185578227, 0.007597632706165314, 0.007479938678443432, 0.006929805036634207, 0.007015710696578026, 0.006569947116076946, 0.007759828586131334, 0.006476703565567732, 0.00655917776748538, 0.007078905124217272, 0.006777889560908079, 0.007019535172730684, 0.006695832125842571, 0.007653253152966499, 0.006506077945232391, 0.006886796560138464, 0.008974404074251652, 0.006798005662858486, 0.007525870576500893, 0.006684574298560619, 0.006726787891238928, 0.006650893948972225, 0.006522934418171644, 0.00588431628420949, 0.005997029598802328, 0.005940741393715143, 0.005975887645035982, 0.005865943618118763, 0.005916018504649401, 0.005969177465885878, 0.00604851683601737, 0.006026559509336948, 0.00606844387948513], "val_mae": [0.02639124169945717, 0.015930764377117157, 0.011139661073684692, 0.010677258484065533, 0.008983931504189968, 0.007733292877674103, 0.00814212579280138, 0.00721131544560194, 0.007786807604134083, 0.008171292021870613, 0.008194608613848686, 0.00772904185578227, 0.007597632706165314, 0.007479938678443432, 0.006929805036634207, 0.007015710696578026, 0.006569947116076946, 0.007759828586131334, 0.006476703565567732, 0.00655917776748538, 0.007078905124217272, 0.006777889560908079, 0.007019535172730684, 0.006695832125842571, 0.007653253152966499, 0.006506077945232391, 0.006886796560138464, 0.008974404074251652, 0.006798005662858486, 0.007525870576500893, 0.006684574298560619, 0.006726787891238928, 0.006650893948972225, 0.006522934418171644, 0.00588431628420949, 0.005997029598802328, 0.005940741393715143, 0.005975887645035982, 0.005865943618118763, 0.005916018504649401, 0.005969177465885878, 0.00604851683601737, 0.006026559509336948, 0.00606844387948513], "val_mape": [13.524590492248535, 6.671772003173828, 4.8203558921813965, 4.3321213722229, 4.081183910369873, 3.6168525218963623, 3.6214683055877686, 3.0083847045898438, 3.345947027206421, 3.439393997192383, 3.523505210876465, 3.3712940216064453, 3.0804100036621094, 3.103296995162964, 2.9276645183563232, 2.956627368927002, 2.801340341567993, 3.1471924781799316, 2.69059681892395, 2.7318639755249023, 3.275259017944336, 2.853506088256836, 3.443181276321411, 3.0285189151763916, 3.65368390083313, 2.7060959339141846, 2.8835010528564453, 4.400589466094971, 2.8739795684814453, 3.5625979900360107, 2.925168514251709, 2.9401028156280518, 2.6926889419555664, 2.8308374881744385, 2.4539432525634766, 2.554708957672119, 2.4662933349609375, 2.4933576583862305, 2.446000337600708, 2.444284677505493, 2.468665838241577, 2.5596938133239746, 2.536540985107422, 2.5307090282440186]}