{"loss": [0.054316580295562744, 0.015480801463127136, 0.013999813236296177, 0.013097024522721767, 0.012373975478112698, 0.011749910190701485, 0.011175534687936306, 0.010669918730854988, 0.010271094739437103, 0.010004940442740917, 0.009706792421638966, 0.009394269436597824, 0.009251280687749386, 0.00906568393111229, 0.008876685984432697, 0.00883351732045412, 0.008769978769123554, 0.008725949563086033, 0.008623155765235424, 0.008387275040149689, 0.008399484679102898, 0.008169235661625862, 0.008177966810762882, 0.008135060779750347, 0.008134424686431885, 0.008017284795641899, 0.008079588413238525, 0.00794056337326765, 0.007936469279229641, 0.00785877089947462, 0.007928199134767056, 0.007834197953343391, 0.00781967118382454, 0.007764114532619715, 0.00770943146198988, 0.0076754130423069, 0.007691136561334133, 0.007723737042397261, 0.007566394284367561, 0.007612938992679119, 0.007614511996507645, 0.0075576044619083405, 0.0075686341151595116, 0.00757358456030488, 0.007483739871531725, 0.052212297916412354, 0.015747277066111565, 0.013846084475517273, 0.013056891039013863, 0.012309370562434196, 0.011556627228856087, 0.01102432794868946, 0.010560180991888046, 0.010246559046208858, 0.010038435459136963, 0.006408514454960823, 0.006367654539644718, 0.0063474406488239765, 0.006335640791803598, 0.00633005378767848, 0.006314393132925034, 0.006314050871878862, 0.006305878981947899, 0.006295360624790192, 0.006294461898505688], "mae": [0.054316580295562744, 0.015480801463127136, 0.013999813236296177, 0.013097024522721767, 0.012373975478112698, 0.011749910190701485, 0.011175534687936306, 0.010669918730854988, 0.010271094739437103, 0.010004940442740917, 0.009706792421638966, 0.009394269436597824, 0.009251280687749386, 0.00906568393111229, 0.008876685984432697, 0.00883351732045412, 0.008769978769123554, 0.008725949563086033, 0.008623155765235424, 0.008387275040149689, 0.008399484679102898, 0.008169235661625862, 0.008177966810762882, 0.008135060779750347, 0.008134424686431885, 0.008017284795641899, 0.008079588413238525, 0.00794056337326765, 0.007936469279229641, 0.00785877089947462, 0.007928199134767056, 0.007834197953343391, 0.00781967118382454, 0.007764114532619715, 0.00770943146198988, 0.0076754130423069, 0.007691136561334133, 0.007723737042397261, 0.007566394284367561, 0.007612938992679119, 0.007614511996507645, 0.0075576044619083405, 0.0075686341151595116, 0.00757358456030488, 0.007483739871531725, 0.052212297916412354, 0.015747277066111565, 0.013846084475517273, 0.013056891039013863, 0.012309370562434196, 0.011556627228856087, 0.01102432794868946, 0.010560180991888046, 0.010246559046208858, 0.010038435459136963, 0.006408514454960823, 0.006367654539644718, 0.0063474406488239765, 0.006335640791803598, 0.00633005378767848, 0.006314393132925034, 0.006314050871878862, 0.006305878981947899, 0.006295360624790192, 0.006294461898505688], "mape": [483.4961853027344, 546.3839721679688, 136.9354705810547, 275.7879638671875, 206.66952514648438, 383.34002685546875, 144.1941680908203, 124.11417388916016, 181.04754638671875, 70.08000183105469, 131.98809814453125, 5.501099109649658, 110.41455078125, 136.29444885253906, 92.55067443847656, 181.3622589111328, 99.0155029296875, 193.732177734375, 192.53512573242188, 188.18959045410156, 90.6647720336914, 128.4952392578125, 194.9739532470703, 181.66946411132812, 113.75840759277344, 199.0181427001953, 186.20379638671875, 271.5559387207031, 220.81060791015625, 170.93356323242188, 116.8835678100586, 224.22264099121094, 247.56683349609375, 255.8785400390625, 196.44630432128906, 250.19200134277344, 94.27741241455078, 184.84486389160156, 252.11187744140625, 147.4047393798828, 139.53329467773438, 299.7730712890625, 136.3680419921875, 270.3028259277344, 151.5580596923828, 51.80596160888672, 74.72753143310547, 378.54290771484375, 207.31214904785156, 240.31777954101562, 100.7508544921875, 28.44574737548828, 247.0809783935547, 205.00714111328125, 194.3642578125, 243.01962280273438, 257.2799377441406, 250.60195922851562, 198.38795471191406, 213.28733825683594, 218.16285705566406, 195.23614501953125, 189.02688598632812, 217.6056671142578, 191.4792022705078], "val_loss": [0.018918072804808617, 0.014102877117693424, 0.01268976740539074, 0.01161908358335495, 0.011863155290484428, 0.010294466279447079, 0.011923868209123611, 0.009461786597967148, 0.0092159453779459, 0.008580414578318596, 0.008411148563027382, 0.010245238430798054, 0.00953906774520874, 0.008756846189498901, 0.009677222929894924, 0.0077916220761835575, 0.009821080602705479, 0.010731186717748642, 0.008919775485992432, 0.008266250602900982, 0.00813147984445095, 0.008690494112670422, 0.007485260255634785, 0.010412554256618023, 0.007530384697020054, 0.008505146019160748, 0.008109219372272491, 0.01046671811491251, 0.007475394755601883, 0.010012133978307247, 0.007352609187364578, 0.007113311905413866, 0.007228364236652851, 0.0074606663547456264, 0.007050384301692247, 0.007382489740848541, 0.008697153069078922, 0.0074148536659777164, 0.007953101769089699, 0.007912135683000088, 0.0077091967687010765, 0.007903114892542362, 0.007791357114911079, 0.006742018740624189, 0.0075438800267875195, 0.020057689398527145, 0.012586541473865509, 0.013671327382326126, 0.010803759098052979, 0.013984913937747478, 0.011316996067762375, 0.010110963135957718, 0.00963645987212658, 0.009104768745601177, 0.008719016797840595, 0.006485375575721264, 0.006831464357674122, 0.006518358830362558, 0.00663408637046814, 0.006559185218065977, 0.00671946769580245, 0.00641013216227293, 0.0063616493716835976, 0.006411151960492134, 0.0064630513079464436], "val_mae": [0.018918072804808617, 0.014102877117693424, 0.01268976740539074, 0.01161908358335495, 0.011863155290484428, 0.010294466279447079, 0.011923868209123611, 0.009461786597967148, 0.0092159453779459, 0.008580414578318596, 0.008411148563027382, 0.010245238430798054, 0.00953906774520874, 0.008756846189498901, 0.009677222929894924, 0.0077916220761835575, 0.009821080602705479, 0.010731186717748642, 0.008919775485992432, 0.008266250602900982, 0.00813147984445095, 0.008690494112670422, 0.007485260255634785, 0.010412554256618023, 0.007530384697020054, 0.008505146019160748, 0.008109219372272491, 0.01046671811491251, 0.007475394755601883, 0.010012133978307247, 0.007352609187364578, 0.007113311905413866, 0.007228364236652851, 0.0074606663547456264, 0.007050384301692247, 0.007382489740848541, 0.008697153069078922, 0.0074148536659777164, 0.007953101769089699, 0.007912135683000088, 0.0077091967687010765, 0.007903114892542362, 0.007791357114911079, 0.006742018740624189, 0.0075438800267875195, 0.020057689398527145, 0.012586541473865509, 0.013671327382326126, 0.010803759098052979, 0.013984913937747478, 0.011316996067762375, 0.010110963135957718, 0.00963645987212658, 0.009104768745601177, 0.008719016797840595, 0.006485375575721264, 0.006831464357674122, 0.006518358830362558, 0.00663408637046814, 0.006559185218065977, 0.00671946769580245, 0.00641013216227293, 0.0063616493716835976, 0.006411151960492134, 0.0064630513079464436],