{"loss": [0.04449291154742241, 0.02216040901839733, 0.016738196834921837, 0.014177030883729458, 0.012134351767599583, 0.011153540574014187, 0.010633058845996857, 0.010283056646585464, 0.009909769520163536, 0.00975284818559885, 0.00941786915063858, 0.009249172173440456, 0.00896394718438387, 0.008791875094175339, 0.008936255238950253, 0.00874624215066433, 0.008674202486872673, 0.008675609715282917, 0.008603142574429512, 0.00847247801721096, 0.008384164422750473, 0.008240295574069023, 0.008199772797524929, 0.008170301094651222, 0.008081035688519478, 0.007989782840013504, 0.008039760403335094, 0.008075548335909843, 0.007973355241119862, 0.007934357970952988, 0.007959140464663506, 0.007879339158535004, 0.00790382083505392, 0.007904701866209507, 0.007878498174250126, 0.007858464494347572, 0.007904399186372757, 0.007885494269430637, 0.007846148684620857, 0.007912445813417435, 0.007853520102798939, 0.007793819531798363, 0.007772570475935936, 0.007846341468393803, 0.007863271050155163, 0.007777070626616478, 0.007768725045025349, 0.007785819470882416, 0.007888955064117908, 0.00772975804284215, 0.007760932203382254, 0.007751316763460636, 0.006364526692777872, 0.0063223871402442455, 0.006306769791990519, 0.006295821629464626, 0.006288057193160057, 0.00627770135179162, 0.0062712132930755615, 0.006275814492255449, 0.006266957148909569, 0.006261275615543127], "mae": [0.04449291154742241, 0.02216040901839733, 0.016738196834921837, 0.014177030883729458, 0.012134351767599583, 0.011153540574014187, 0.010633058845996857, 0.010283056646585464, 0.009909769520163536, 0.00975284818559885, 0.00941786915063858, 0.009249172173440456, 0.00896394718438387, 0.008791875094175339, 0.008936255238950253, 0.00874624215066433, 0.008674202486872673, 0.008675609715282917, 0.008603142574429512, 0.00847247801721096, 0.008384164422750473, 0.008240295574069023, 0.008199772797524929, 0.008170301094651222, 0.008081035688519478, 0.007989782840013504, 0.008039760403335094, 0.008075548335909843, 0.007973355241119862, 0.007934357970952988, 0.007959140464663506, 0.007879339158535004, 0.00790382083505392, 0.007904701866209507, 0.007878498174250126, 0.007858464494347572, 0.007904399186372757, 0.007885494269430637, 0.007846148684620857, 0.007912445813417435, 0.007853520102798939, 0.007793819531798363, 0.007772570475935936, 0.007846341468393803, 0.007863271050155163, 0.007777070626616478, 0.007768725045025349, 0.007785819470882416, 0.007888955064117908, 0.00772975804284215, 0.007760932203382254, 0.007751316763460636, 0.006364526692777872, 0.0063223871402442455, 0.006306769791990519, 0.006295821629464626, 0.006288057193160057, 0.00627770135179162, 0.0062712132930755615, 0.006275814492255449, 0.006266957148909569, 0.006261275615543127], "mape": [775.216064453125, 445.1475830078125, 172.79612731933594, 546.593994140625, 491.9375, 607.2335205078125, 459.3590087890625, 616.3712158203125, 456.4239807128906, 431.60101318359375, 604.9937744140625, 763.1678466796875, 615.3101196289062, 706.4121704101562, 655.7863159179688, 550.7810668945312, 616.6327514648438, 527.1265258789062, 406.171630859375, 454.75689697265625, 326.6686096191406, 477.7721862792969, 408.328369140625, 522.4735107421875, 447.134765625, 495.1308898925781, 568.2473754882812, 531.0587768554688, 475.1806640625, 523.5493774414062, 531.500244140625, 470.9612731933594, 511.4531555175781, 517.680419921875, 514.8914794921875, 389.6099853515625, 667.2822265625, 568.241943359375, 625.8009033203125, 570.2405395507812, 539.2276611328125, 616.14892578125, 455.5333251953125, 577.1947021484375, 579.880126953125, 545.6300048828125, 559.2942504882812, 596.1041259765625, 584.9811401367188, 608.4071655273438, 608.48828125, 480.2051696777344, 522.9287109375, 470.7822570800781, 451.30548095703125, 429.0967712402344, 403.1185302734375, 381.1322326660156, 368.66729736328125, 377.7892150878906, 359.7751770019531, 317.6428527832031], "val_loss": [0.025562167167663574, 0.020303383469581604, 0.01859627664089203, 0.013337844982743263, 0.011350124143064022, 0.010201092809438705, 0.010783939622342587, 0.009202160872519016, 0.010216421447694302, 0.013827680610120296, 0.00905289500951767, 0.009229857474565506, 0.008982637897133827, 0.00823697354644537, 0.00944489799439907, 0.009105119854211807, 0.008511176332831383, 0.00811521802097559, 0.008529960177838802, 0.010010326281189919, 0.010417073033750057, 0.008759243413805962, 0.008954373188316822, 0.008353173732757568, 0.007992963306605816, 0.007429545745253563, 0.007658854126930237, 0.007815350778400898, 0.007568994536995888, 0.007171029690653086, 0.007766435854136944, 0.008433557115495205, 0.008159159682691097, 0.008112851530313492, 0.007205763831734657, 0.007492291275411844, 0.007713880855590105, 0.007106705568730831, 0.009091082960367203, 0.008424007333815098, 0.008140310645103455, 0.00811077281832695, 0.008797039277851582, 0.0073575107380747795, 0.007619810290634632, 0.007044552359730005, 0.007296552415937185, 0.007106169126927853, 0.007738317362964153, 0.007193803321570158, 0.006853598169982433, 0.008848284371197224, 0.00653247581794858, 0.006263761781156063, 0.006552069913595915, 0.00634654751047492, 0.006341494619846344, 0.006337251979857683, 0.006253829691559076, 0.006177113391458988, 0.006476803217083216, 0.006479919888079166], "val_mae": [0.025562167167663574, 0.020303383469581604, 0.01859627664089203, 0.013337844982743263, 0.011350124143064022, 0.010201092809438705, 0.010783939622342587, 0.009202160872519016, 0.010216421447694302, 0.013827680610120296, 0.00905289500951767, 0.009229857474565506, 0.008982637897133827, 0.00823697354644537, 0.00944489799439907, 0.009105119854211807, 0.008511176332831383, 0.00811521802097559, 0.008529960177838802, 0.010010326281189919, 0.010417073033750057, 0.008759243413805962, 0.008954373188316822, 0.008353173732757568, 0.007992963306605816, 0.007429545745253563, 0.007658854126930237, 0.007815350778400898, 0.007568994536995888, 0.007171029690653086, 0.007766435854136944, 0.008433557115495205, 0.008159159682691097, 0.008112851530313492, 0.007205763831734657, 0.007492291275411844, 0.007713880855590105, 0.007106705568730831, 0.009091082960367203, 0.008424007333815098, 0.008140310645103455, 0.00811077281832695, 0.008797039277851582, 0.0073575107380747795, 0.007619810290634632, 0.007044552359730005, 0.007296552415937185, 0.007106169126927853, 0.007738317362964153, 0.007193803321570158, 0.006853598169982433, 0.008848284371197224, 0.00653247581794858, 0.006263761781156063, 0.006552069913595915, 0.00634654751047492, 0.006341494619846344, 0.006337251979857683, 0.006253829691559076, 0.006177113391458988, 0.006476803217083216, 0.006479919888079166], "val_mape": [11.532980918884277, 9.375436782836914, 8.624760627746582, 6.606289863586426, 6.714176177978516, 5.5217390060424805, 6.2133097648620605, 5.026376724243164, 6.96389627456665, 6.949391841888428, 6.239964962005615, 5.340925216674805, 6.206414699554443, 4.831697463989258, 5.761577129364014, 5.878229141235352, 4.951539039611816, 5.107226371765137, 5.582696437835693, 5.320966720581055, 6.486647129058838, 5.486631870269775, 5.773772239685059, 5.18242883682251, 5.330805778503418, 5.21182107925415, 4.841634273529053, 5.206664562225342, 4.647314071655273, 4.695219039916992, 4.97603178024292, 5.175477027893066, 4.7453837394714355, 5.21925163269043, 4.482087135314941, 4.487747669219971, 4.89658784866333, 4.647072792053223, 5.912081241607666, 5.253488540649414, 4.791241645812988, 4.956828594207764, 5.290427207946777, 4.725471019744873, 4.7847676277160645, 4.76192045211792, 4.508376121520996, 4.44721794128418, 5.121565818786621, 4.68680477142334, 4.303058624267578, 4.8938212394714355, 3.9676430225372314, 3.8090012073516846, 3.6946561336517334, 3.558868408203125, 3.537827730178833, 3.5144283771514893, 3.3876476287841797, 3.2975783348083496, 3.4313652515411377, 3.345351219177246]}